user_id,max_streak_length
181776,31
242014,31
244135,31
293843,31
427200,31
1200,30
16668,30
39164,30
59568,30
149472,30
149601,30
159370,30
173105,30
173561,30
176396,30
210670,30
216478,30
219488,30
223510,30
230273,30
230894,30
235095,30
242698,30
254713,30
255296,30
258321,30
260980,30
262580,30
264146,30
265685,30
272510,30
275132,30
275165,30
278459,30
280853,30
284482,30
291015,30
291487,30
291769,30
291789,30
293951,30
295114,30
297248,30
297580,30
303504,30
314918,30
316270,30
324946,30
333749,30
335656,30
343001,30
348546,30
355575,30
382055,30
384432,30
407874,30
408677,30
414419,30
421330,30
423874,30
425458,30
425522,30
435385,30
438873,30
442476,30
453915,30
9845,29
165374,29
234437,29
263546,29
272063,29
285352,29
291975,29
293592,29
296613,29
297475,29
307003,29
316337,29
328067,29
330074,29
337556,29
350429,29
351183,29
353507,29
365107,29
377862,29
393840,29
407176,29
448142,29
453762,29
454622,29
27160,28
147038,28
185851,28
202070,28
228202,28
261758,28
286826,28
310446,28
337144,28
342007,28
348448,28
400441,28
408002,28
433475,28
454010,28
454069,28
173584,27
211129,27
272186,27
280148,27
282739,27
300045,27
308287,27
316093,27
336447,27
420093,27
454557,27
455085,27
30273,26
179203,26
254372,26
263579,26
279562,26
454788,26
271257,25
274630,25
289814,25
313912,25
335556,25
341865,25
364616,25
365019,25
380712,25
424313,25
435646,25
452457,25
452909,25
453252,25
454549,25
454913,25
105156,24
157144,24
161693,24
253829,24
260345,24
271154,24
282601,24
292496,24
292641,24
378517,24
389726,24
397038,24
423998,24
449271,24
1562,23
178842,23
188716,23
251329,23
275045,23
315520,23
330297,23
453988,23
234162,22
278851,22
282977,22
291551,22
292611,22
296402,22
341941,22
377892,22
394037,22
401744,22
452448,22
454777,22
175519,21
226612,21
297035,21
328665,21
345468,21
391777,21
453798,21
242515,20
253772,20
288210,20
294343,20
302585,20
343832,20
347634,20
395797,20
396484,20
414067,20
447299,20
194043,19
212463,19
244031,19
263293,19
275189,19
275449,19
277353,19
280613,19
283029,19
295567,19
310297,19
316003,19
343604,19
344832,19
350839,19
379252,19
411894,19
433431,19
439498,19
449130,19
453334,19
455331,19
457140,19
159186,18
162406,18
190803,18
218048,18
258201,18
261895,18
267916,18
274861,18
277766,18
282591,18
293600,18
293880,18
296461,18
297781,18
299962,18
313884,18
337022,18
347997,18
374333,18
411668,18
416364,18
433705,18
439999,18
453715,18
1374,17
1652,17
3577,17
197262,17
230052,17
234889,17
235168,17
244886,17
248647,17
263438,17
273060,17
290737,17
293976,17
311170,17
325958,17
333166,17
343468,17
349988,17
380721,17
383686,17
407948,17
418364,17
454023,17
455216,17
151404,16
157784,16
161338,16
180288,16
255282,16
271761,16
281022,16
283636,16
292491,16
292564,16
296813,16
318257,16
330071,16
333566,16
337395,16
340331,16
345771,16
347232,16
348227,16
393366,16
410772,16
426151,16
431946,16
444259,16
453530,16
454123,16
455233,16
457598,16
3938,15
4231,15
5790,15
194135,15
196154,15
209054,15
224264,15
236414,15
248969,15
261552,15
268926,15
277322,15
278890,15
280134,15
288284,15
288909,15
292538,15
309553,15
338952,15
357142,15
360436,15
388890,15
396741,15
396948,15
399678,15
402852,15
419922,15
432812,15
434592,15
453463,15
453912,15
453932,15
454362,15
454504,15
455034,15
456777,15
457784,15
2332,14
25813,14
149787,14
160274,14
183419,14
193456,14
252678,14
260295,14
268689,14
273235,14
274825,14
286190,14
289270,14
291183,14
291586,14
293303,14
294590,14
295823,14
296995,14
300127,14
308635,14
310728,14
320597,14
326241,14
334688,14
338572,14
358274,14
394085,14
397349,14
404395,14
407928,14
431234,14
446309,14
454098,14
454697,14
455138,14
455156,14
457199,14
1521,13
156038,13
171349,13
182512,13
183867,13
191589,13
254672,13
254720,13
260813,13
261171,13
271015,13
273303,13
275457,13
275583,13
278753,13
282604,13
288691,13
289232,13
292436,13
292819,13
294314,13
294338,13
296812,13
300945,13
307177,13
310633,13
315265,13
332032,13
351701,13
371053,13
380876,13
384203,13
399844,13
401111,13
401369,13
419659,13
421286,13
430754,13
431440,13
431843,13
438715,13
441853,13
453433,13
453556,13
453885,13
455328,13
455636,13
456070,13
456676,13
457690,13
458078,13
2545,12
6819,12
9305,12
53434,12
89305,12
198179,12
233619,12
255220,12
266766,12
269959,12
272029,12
272596,12
277864,12
282036,12
285397,12
290242,12
290353,12
291606,12
291691,12
292355,12
293083,12
294682,12
296192,12
297106,12
314217,12
317252,12
320922,12
324068,12
324862,12
327618,12
330146,12
339247,12
339333,12
343646,12
360022,12
364831,12
376511,12
382668,12
389727,12
389865,12
389942,12
391093,12
397872,12
404846,12
422016,12
425525,12
431105,12
431429,12
443104,12
451363,12
452490,12
453029,12
454467,12
454532,12
1306,11
7106,11
11808,11
12930,11
40867,11
116991,11
137389,11
144023,11
144682,11
146603,11
151694,11
186186,11
192722,11
211603,11
233324,11
249905,11
254605,11
256779,11
262641,11
266340,11
268287,11
270607,11
271519,11
275215,11
283206,11
283824,11
286802,11
287737,11
290746,11
291264,11
291528,11
292006,11
292350,11
293936,11
294193,11
294227,11
294948,11
295756,11
301045,11
301081,11
312359,11
342567,11
343192,11
363037,11
402461,11
410495,11
424308,11
429978,11
439052,11
440821,11
444511,11
450806,11
453163,11
453287,11
453619,11
453897,11
454073,11
454401,11
454952,11
455142,11
456575,11
457290,11
6950,10
7620,10
16647,10
21603,10
24664,10
42236,10
155640,10
186061,10
261390,10
262634,10
265588,10
270606,10
272923,10
277410,10
279217,10
288232,10
289005,10
292657,10
293682,10
296124,10
301284,10
306255,10
320002,10
320162,10
321420,10
327310,10
344346,10
351808,10
370448,10
391565,10
391818,10
392716,10
396602,10
402487,10
407557,10
411827,10
414667,10
418009,10
420705,10
422172,10
424291,10
427348,10
431218,10
431410,10
431802,10
433183,10
435680,10
442306,10
442417,10
447775,10
449308,10
450604,10
450771,10
452653,10
452880,10
453388,10
453790,10
453883,10
454276,10
454363,10
454488,10
454984,10
456091,10
456578,10
458964,10
1561,9
4016,9
16979,9
35260,9
55809,9
145813,9
147087,9
208408,9
255668,9
260465,9
261682,9
261810,9
263519,9
268516,9
270671,9
274877,9
279735,9
282121,9
282174,9
282304,9
282507,9
285322,9
285776,9
290303,9
291686,9
291990,9
292033,9
293005,9
293539,9
296103,9
296473,9
299794,9
302781,9
318419,9
322483,9
336864,9
340935,9
347344,9
350508,9
351766,9
360857,9
367591,9
391161,9
396651,9
401773,9
401906,9
409880,9
412305,9
417027,9
420963,9
422203,9
427412,9
428938,9
438474,9
441154,9
441164,9
450871,9
450876,9
451029,9
453174,9
454403,9
454538,9
455025,9
456137,9
457848,9
457928,9
458298,9
458634,9
458882,9
841,8
908,8
2824,8
12623,8
18378,8
22887,8
39492,8
39563,8
129608,8
137618,8
157791,8
160493,8
177134,8
182591,8
208451,8
213598,8
224777,8
229699,8
243941,8
248535,8
254310,8
255123,8
255257,8
261693,8
264425,8
270930,8
273136,8
274572,8
277084,8
277866,8
282408,8
283691,8
285283,8
285504,8
287548,8
288206,8
288214,8
288223,8
288584,8
292643,8
292650,8
294560,8
294907,8
295863,8
296134,8
296997,8
301687,8
306292,8
307741,8
310878,8
315711,8
322943,8
326096,8
328788,8
331534,8
340758,8
343772,8
344968,8
345248,8
349663,8
360501,8
368364,8
396442,8
398107,8
400205,8
400491,8
401782,8
406201,8
416270,8
421345,8
422579,8
424743,8
437482,8
440401,8
442176,8
449716,8
452764,8
453114,8
453955,8
454029,8
454106,8
455087,8
455223,8
455294,8
455369,8
455545,8
456438,8
456585,8
456690,8
456862,8
458025,8
459369,8
1901,7
2817,7
3984,7
10242,7
14825,7
21801,7
25507,7
73520,7
84641,7
89036,7
113542,7
145754,7
165026,7
175064,7
175156,7
175300,7
180088,7
183901,7
197346,7
206754,7
216394,7
218699,7
239680,7
241036,7
244830,7
249503,7
254467,7
255016,7
260910,7
260916,7
261132,7
261674,7
262459,7
263338,7
268799,7
269373,7
271950,7
275277,7
275422,7
276104,7
276998,7
279402,7
280345,7
280548,7
282839,7
286834,7
287158,7
288208,7
289260,7
291462,7
291653,7
292596,7
293858,7
295973,7
296105,7
296127,7
296291,7
296311,7
296892,7
297008,7
297375,7
299051,7
309089,7
309205,7
310260,7
312858,7
313395,7
313452,7
314554,7
315296,7
328180,7
330675,7
334108,7
336509,7
337132,7
342059,7
343379,7
344453,7
344935,7
348946,7
355424,7
359142,7
359890,7
365753,7
372073,7
374751,7
378891,7
383391,7
384278,7
393315,7
397803,7
399991,7
405455,7
419038,7
424451,7
430899,7
436298,7
440804,7
442538,7
443420,7
444721,7
448308,7
452756,7
452931,7
453420,7
453595,7
453608,7
454904,7
454935,7
454941,7
454982,7
455078,7
455355,7
455587,7
455748,7
456259,7
457712,7
458153,7
458163,7
458228,7
458534,7
458550,7
459618,7
459804,7
460179,7
460279,7
838,6
2185,6
2248,6
2555,6
6971,6
9446,6
29758,6
113425,6
123128,6
125191,6
143002,6
145472,6
147579,6
149815,6
154458,6
157218,6
164842,6
166225,6
175955,6
182414,6
185764,6
209515,6
217593,6
224800,6
227538,6
252685,6
254092,6
260891,6
261393,6
262761,6
266001,6
268357,6
269519,6
269660,6
270738,6
270993,6
272755,6
273960,6
274532,6
275093,6
275430,6
275445,6
278496,6
282751,6
284438,6
284856,6
290383,6
291402,6
292191,6
292475,6
292574,6
292815,6
293510,6
294213,6
296089,6
296203,6
296237,6
296440,6
296942,6
298058,6
298154,6
299199,6
301042,6
308055,6
308189,6
308736,6
315136,6
322546,6
324643,6
325393,6
335586,6
337062,6
341335,6
343534,6
343952,6
346914,6
348639,6
352781,6
354822,6
357357,6
362422,6
379083,6
393468,6
398502,6
406152,6
410450,6
414327,6
424697,6
424720,6
428264,6
436310,6
439132,6
439509,6
443611,6
451381,6
452695,6
453036,6
453062,6
453072,6
453579,6
453711,6
453895,6
454129,6
454261,6
454393,6
454565,6
454591,6
454817,6
455007,6
455076,6
455088,6
455101,6
455209,6
455247,6
455375,6
455964,6
456111,6
456485,6
456934,6
457086,6
457185,6
457656,6
457811,6
458045,6
458799,6
459012,6
459852,6
31,5
1930,5
1977,5
2723,5
4435,5
6053,5
6808,5
7955,5
10905,5
17598,5
18314,5
18533,5
24687,5
24762,5
27180,5
77476,5
128082,5
145793,5
155342,5
156182,5
156183,5
156429,5
159071,5
164442,5
165955,5
166070,5
171339,5
179103,5
181440,5
195830,5
202661,5
210318,5
213887,5
216760,5
228262,5
235980,5
236455,5
240591,5
242776,5
242790,5
245137,5
255396,5
258843,5
258933,5
261449,5
261972,5
262112,5
263783,5
267064,5
268331,5
268584,5
270135,5
270675,5
272123,5
272452,5
274127,5
275754,5
277609,5
278701,5
279352,5
280913,5
281522,5
284015,5
286073,5
286273,5
287916,5
289538,5
291566,5
291878,5
292385,5
292595,5
293859,5
293898,5
294061,5
294776,5
295323,5
296107,5
296697,5
298019,5
304770,5
310279,5
310861,5
317248,5
318366,5
320719,5
323543,5
327200,5
328836,5
333832,5
337349,5
337417,5
340250,5
340602,5
343190,5
343516,5
353325,5
353462,5
354147,5
354722,5
356249,5
363480,5
371076,5
380440,5
386853,5
388919,5
392756,5
393985,5
394140,5
394183,5
395377,5
396981,5
397355,5
401424,5
402610,5
404004,5
408873,5
412319,5
416166,5
428123,5
429700,5
430233,5
431787,5
434432,5
434664,5
436425,5
440307,5
441628,5
443100,5
445438,5
446340,5
448221,5
448899,5
449491,5
450969,5
452513,5
453104,5
453213,5
453247,5
453370,5
454370,5
454423,5
454431,5
454659,5
454781,5
454953,5
455114,5
455287,5
455378,5
455664,5
456229,5
456699,5
456705,5
456969,5
457421,5
457579,5
458031,5
458666,5
459433,5
459461,5
459483,5
1482,4
2295,4
2397,4
4320,4
6976,4
10505,4
12205,4
18396,4
100706,4
102378,4
146220,4
146968,4
149576,4
156753,4
161785,4
163143,4
166675,4
168573,4
171275,4
171402,4
171464,4
171760,4
175978,4
178111,4
180021,4
182897,4
183924,4
184370,4
186915,4
188136,4
192115,4
196733,4
198890,4
199756,4
216694,4
221756,4
221898,4
230140,4
238231,4
238800,4
240194,4
242205,4
245451,4
247838,4
255342,4
258800,4
259657,4
260646,4
261813,4
263648,4
265130,4
265758,4
269016,4
269040,4
271603,4
275092,4
275637,4
275786,4
277066,4
280000,4
280233,4
280372,4
281742,4
282283,4
282573,4
282986,4
283005,4
285749,4
288325,4
288834,4
289370,4
290843,4
291169,4
291401,4
291577,4
291701,4
291804,4
291875,4
291881,4
292048,4
292121,4
292403,4
292619,4
292625,4
293214,4
296396,4
296659,4
296706,4
296968,4
302133,4
303148,4
304546,4
311631,4
313493,4
313639,4
318260,4
319687,4
324160,4
324233,4
324551,4
329828,4
331430,4
332880,4
334389,4
336022,4
348497,4
353058,4
353381,4
354167,4
356697,4
357325,4
359670,4
361294,4
361555,4
362685,4
368672,4
371574,4
371634,4
375324,4
377004,4
377304,4
377333,4
382846,4
387930,4
389478,4
390192,4
392285,4
393372,4
394428,4
400820,4
400939,4
401067,4
403898,4
405140,4
408566,4
409770,4
410991,4
416968,4
417926,4
421630,4
423181,4
423194,4
425038,4
428402,4
429826,4
430977,4
431116,4
431118,4
433581,4
434887,4
437150,4
437517,4
437817,4
439142,4
440551,4
441569,4
443630,4
444288,4
445128,4
445891,4
446495,4
447071,4
447204,4
447640,4
447945,4
448646,4
448993,4
449931,4
450204,4
451166,4
452536,4
453051,4
453166,4
453194,4
453265,4
453423,4
453648,4
453682,4
453683,4
454062,4
454132,4
454142,4
454204,4
454258,4
454424,4
454478,4
454587,4
454661,4
454683,4
454736,4
454754,4
454840,4
455198,4
455239,4
455320,4
455321,4
455874,4
456110,4
456261,4
456539,4
456588,4
456866,4
456987,4
457300,4
457655,4
457787,4
458034,4
458070,4
458249,4
458450,4
458832,4
458853,4
458989,4
459600,4
459615,4
460285,4
460950,4
461063,4
461171,4
461182,4
209,3
241,3
939,3
1068,3
1530,3
1659,3
1713,3
1956,3
3718,3
5010,3
6165,3
7649,3
9666,3
11365,3
13290,3
17562,3
21464,3
44058,3
56469,3
63294,3
98065,3
115657,3
136851,3
143407,3
143709,3
146990,3
148755,3
149213,3
149960,3
153509,3
155280,3
156171,3
156206,3
161480,3
172218,3
172289,3
172441,3
178994,3
184533,3
197200,3
198958,3
204374,3
206925,3
211837,3
213972,3
224699,3
227039,3
230333,3
235442,3
239022,3
239459,3
247713,3
252200,3
252538,3
254337,3
254567,3
254875,3
257254,3
259952,3
260754,3
261019,3
262585,3
262955,3
263076,3
263825,3
264079,3
265302,3
265519,3
266410,3
267824,3
268242,3
268616,3
268811,3
268984,3
269452,3
269769,3
271185,3
271925,3
272909,3
274308,3
275412,3
275669,3
277834,3
277886,3
278055,3
278283,3
278758,3
278881,3
279264,3
279513,3
280067,3
281531,3
281608,3
282032,3
286852,3
286884,3
287473,3
287565,3
288021,3
288245,3
288293,3
288435,3
288719,3
289049,3
289066,3
291177,3
291648,3
291649,3
291662,3
291671,3
291744,3
291860,3
292114,3
292484,3
292648,3
293542,3
295281,3
295578,3
296644,3
296965,3
296970,3
300205,3
300231,3
300259,3
300340,3
300949,3
301071,3
301843,3
302525,3
303509,3
304104,3
304589,3
305169,3
305504,3
305618,3
307125,3
308004,3
308119,3
310065,3
311561,3
313716,3
314404,3
315078,3
317115,3
319402,3
321081,3
322886,3
323278,3
324335,3
324442,3
326092,3
326761,3
327093,3
327235,3
328020,3
328853,3
329934,3
330058,3
330170,3
331872,3
332400,3
332599,3
333836,3
334098,3
335707,3
338539,3
338993,3
339842,3
342574,3
344468,3
344866,3
345552,3
346761,3
347184,3
347420,3
347467,3
347895,3
348341,3
349093,3
349179,3
349196,3
351937,3
355637,3
357719,3
358900,3
359877,3
361941,3
362278,3
363569,3
365004,3
377367,3
388915,3
390410,3
392600,3
393554,3
397483,3
398783,3
400850,3
401747,3
403078,3
403904,3
404356,3
404582,3
405911,3
408008,3
409747,3
411765,3
412749,3
413461,3
415451,3
419650,3
420744,3
422155,3
423338,3
423693,3
424230,3
424407,3
425328,3
427973,3
428193,3
428589,3
429572,3
431847,3
432866,3
435401,3
436031,3
436531,3
437470,3
437633,3
438230,3
438477,3
440612,3
441277,3
441587,3
442425,3
442791,3
443834,3
443900,3
446262,3
447315,3
448889,3
450994,3
451348,3
451446,3
451985,3
452856,3
452925,3
453095,3
453177,3
453198,3
453502,3
453678,3
453931,3
454201,3
454324,3
454390,3
454422,3
454425,3
454476,3
454536,3
454543,3
454564,3
454596,3
454598,3
454605,3
454621,3
454634,3
454710,3
454855,3
454867,3
454878,3
455248,3
455256,3
455329,3
455392,3
455690,3
455769,3
455834,3
455841,3
455937,3
456127,3
456370,3
456443,3
456601,3
456606,3
456624,3
456689,3
457052,3
457237,3
457249,3
457584,3
457591,3
457718,3
457737,3
457772,3
457831,3
457847,3
457887,3
458021,3
458028,3
458068,3
458523,3
458525,3
458771,3
458879,3
459504,3
459862,3
459946,3
460275,3
460412,3
460564,3
460899,3
461076,3
461431,3
461443,3
461475,3
461685,3
5,2
519,2
1107,2
1156,2
1516,2
1522,2
2075,2
2159,2
2921,2
2922,2
2984,2
2986,2
3059,2
3599,2
4054,2
4465,2
5143,2
6026,2
6252,2
6359,2
6958,2
7244,2
8223,2
9380,2
10131,2
11353,2
13296,2
13695,2
14470,2
20435,2
29545,2
30067,2
33912,2
34172,2
42005,2
52707,2
63561,2
64065,2
71856,2
74935,2
86291,2
93060,2
95433,2
127758,2
144164,2
146349,2
146514,2
150823,2
151663,2
152138,2
152211,2
152692,2
153059,2
156587,2
156660,2
157226,2
161070,2
161470,2
161640,2
162037,2
163102,2
164222,2
164904,2
165077,2
166037,2
172161,2
172887,2
174071,2
177554,2
179785,2
180282,2
182149,2
183582,2
185848,2
192293,2
197505,2
199772,2
200829,2
205631,2
207737,2
208428,2
210377,2
211139,2
216187,2
218516,2
222355,2
225011,2
227387,2
227453,2
230033,2
230326,2
238494,2
241456,2
246328,2
247618,2
248447,2
248871,2
249600,2
253080,2
253303,2
253831,2
254527,2
254571,2
254845,2
255149,2
255563,2
256838,2
258137,2
259316,2
261417,2
261626,2
263120,2
263672,2
264131,2
265076,2
265489,2
266548,2
268510,2
269038,2
269204,2
269293,2
269518,2
269937,2
270474,2
270616,2
270674,2
271841,2
272050,2
272261,2
272965,2
273126,2
274536,2
274552,2
274699,2
274994,2
275757,2
278280,2
278647,2
278716,2
278764,2
279464,2
279487,2
280231,2
282136,2
282542,2
282687,2
282935,2
283154,2
283300,2
283452,2
283612,2
284147,2
284266,2
284837,2
285016,2
288212,2
288218,2
288224,2
288430,2
288442,2
288809,2
288870,2
289048,2
289609,2
289769,2
289919,2
290283,2
291116,2
291561,2
291565,2
291628,2
291655,2
291658,2
291663,2
291682,2
291689,2
291698,2
291779,2
291824,2
291831,2
291910,2
291979,2
292106,2
292113,2
292402,2
292502,2
292640,2
293272,2
293541,2
293557,2
293627,2
293955,2
294142,2
294199,2
294240,2
294271,2
294836,2
294949,2
295096,2
295829,2
296123,2
296230,2
297003,2
298869,2
299194,2
300902,2
302378,2
303358,2
303853,2
303864,2
304746,2
304856,2
305768,2
306871,2
308745,2
308905,2
308952,2
309420,2
310831,2
311267,2
312445,2
313487,2
313831,2
315048,2
315686,2
315928,2
316893,2
317008,2
318194,2
318855,2
318884,2
319381,2
321414,2
323226,2
323297,2
324595,2
329557,2
330304,2
332257,2
333104,2
335020,2
335661,2
336297,2
337031,2
337693,2
337982,2
338719,2
340927,2
341706,2
342268,2
342611,2
343058,2
343457,2
343603,2
343736,2
343761,2
343868,2
344555,2
345237,2
347021,2
347588,2
347816,2
349306,2
354175,2
354683,2
354817,2
355170,2
355242,2
355358,2
355488,2
355614,2
356572,2
359054,2
359324,2
361988,2
362503,2
365347,2
366810,2
368380,2
368718,2
371864,2
372468,2
373058,2
373221,2
374301,2
374681,2
377279,2
379054,2
382523,2
384823,2
385246,2
385822,2
388201,2
388887,2
389535,2
390592,2
390859,2
391703,2
392902,2
393127,2
393905,2
394304,2
394425,2
394539,2
394628,2
394745,2
395206,2
396108,2
396305,2
398794,2
398805,2
398858,2
399198,2
399589,2
400241,2
404198,2
405018,2
405950,2
406071,2
406659,2
406906,2
408107,2
409180,2
409223,2
409733,2
409983,2
411855,2
412252,2
413016,2
414378,2
415888,2
416843,2
418473,2
418606,2
419321,2
419849,2
421641,2
423326,2
424638,2
426740,2
428440,2
429004,2
430216,2
431663,2
432975,2
433059,2
433699,2
433906,2
434356,2
434497,2
434844,2
435047,2
435597,2
437009,2
437165,2
437546,2
437649,2
438918,2
439085,2
439380,2
439493,2
440139,2
440287,2
440622,2
440815,2
441781,2
442097,2
442243,2
442326,2
442704,2
443151,2
443842,2
444171,2
445232,2
445904,2
446776,2
447369,2
448592,2
448691,2
449728,2
450491,2
452122,2
452182,2
452212,2
452417,2
452593,2
452705,2
452770,2
453000,2
453041,2
453086,2
453165,2
453170,2
453221,2
453454,2
453480,2
453747,2
453824,2
453845,2
453917,2
453920,2
453937,2
454034,2
454047,2
454165,2
454323,2
454397,2
454399,2
454451,2
454544,2
454588,2
454731,2
454749,2
454868,2
454911,2
454939,2
454947,2
455150,2
455155,2
455176,2
455205,2
455232,2
455254,2
455291,2
455305,2
455339,2
455399,2
455454,2
455480,2
455526,2
455528,2
455605,2
455608,2
455628,2
455645,2
455655,2
455733,2
455840,2
455895,2
456010,2
456040,2
456175,2
456237,2
456240,2
456277,2
456413,2
456419,2
456490,2
456535,2
456580,2
456621,2
456643,2
456667,2
456678,2
456758,2
456772,2
456813,2
456815,2
456835,2
456847,2
456868,2
456910,2
456925,2
456944,2
456982,2
457002,2
457007,2
457115,2
457251,2
457386,2
457465,2
457542,2
457545,2
457548,2
457570,2
457585,2
457667,2
457783,2
457867,2
457892,2
457976,2
457982,2
458101,2
458197,2
458239,2
458269,2
458287,2
458371,2
458403,2
458420,2
458452,2
458497,2
458509,2
458533,2
458590,2
458630,2
458633,2
458646,2
458670,2
458735,2
458870,2
458938,2
459045,2
459112,2
459114,2
459298,2
459429,2
459494,2
459659,2
459674,2
459687,2
459693,2
459702,2
459850,2
459921,2
460119,2
460181,2
460290,2
460337,2
460395,2
460435,2
460460,2
460479,2
460505,2
460544,2
460635,2
460757,2
460869,2
460918,2
460958,2
461025,2
461042,2
461088,2
461319,2
461330,2
461551,2
461771,2
461837,2
461856,2
6,1
1102,1
1258,1
1486,1
1500,1
1546,1
1661,1
1791,1
2222,1
2264,1
2600,1
2688,1
2887,1
3162,1
3338,1
3595,1
3751,1
4162,1
4303,1
4360,1
4515,1
4751,1
4871,1
4933,1
5389,1
5583,1
6278,1
6899,1
6930,1
6997,1
7034,1
7443,1
7492,1
7502,1
7898,1
8016,1
8156,1
9813,1
11070,1
11459,1
11680,1
12530,1
15363,1
18688,1
24924,1
27453,1
42325,1
97683,1
103808,1
105128,1
117652,1
117784,1
126406,1
131201,1
132742,1
133023,1
138881,1
139247,1
142814,1
143599,1
143785,1
143992,1
144473,1
144951,1
145185,1
145774,1
146447,1
146503,1
147197,1
147469,1
150117,1
151279,1
151502,1
152896,1
153351,1
156542,1
156607,1
156776,1
157370,1
157594,1
157722,1
159239,1
159338,1
160366,1
161742,1
162287,1
163914,1
169966,1
170343,1
170905,1
171397,1
171448,1
172440,1
172870,1
173212,1
173857,1
177202,1
177665,1
181618,1
181620,1
183930,1
185973,1
185981,1
186953,1
188449,1
192018,1
196968,1
197785,1
199699,1
203853,1
204926,1
205148,1
206068,1
208967,1
209351,1
209960,1
210367,1
210961,1
213198,1
217654,1
218237,1
220700,1
225037,1
225335,1
228175,1
228432,1
231164,1
231449,1
232006,1
232302,1
232527,1
233048,1
233588,1
233857,1
234161,1
236728,1
237645,1
238155,1
238885,1
239545,1
241407,1
241736,1
246426,1
246726,1
246855,1
247790,1
248587,1
250386,1
251239,1
251555,1
253156,1
254249,1
254432,1
254881,1
254947,1
255827,1
256405,1
256539,1
256970,1
257415,1
257560,1
258141,1
258279,1
258311,1
258561,1
258722,1
258784,1
259054,1
259533,1
260815,1
261239,1
261644,1
261692,1
261817,1
262273,1
263456,1
263759,1
263886,1
265120,1
265218,1
265343,1
266057,1
266412,1
267195,1
268374,1
268389,1
268715,1
268765,1
268965,1
268997,1
269003,1
269054,1
269130,1
269178,1
270193,1
270216,1
270263,1
271192,1
271371,1
271752,1
273300,1
273323,1
273630,1
273846,1
273992,1
274057,1
274611,1
274662,1
275291,1
275442,1
275518,1
275552,1
275566,1
275838,1
275938,1
276227,1
276788,1
277065,1
277499,1
277972,1
278091,1
278226,1
278421,1
278455,1
278461,1
278611,1
278789,1
278906,1
279126,1
279409,1
279488,1
280249,1
281395,1
281671,1
281796,1
282288,1
282373,1
282529,1
282560,1
282643,1
282726,1
282776,1
282818,1
282910,1
282936,1
283123,1
283130,1
283887,1
284141,1
284180,1
284633,1
285276,1
285813,1
287238,1
287453,1
288071,1
288621,1
288741,1
288754,1
289580,1
289977,1
290231,1
290719,1
290914,1
290984,1
291024,1
291239,1
291625,1
291627,1
291652,1
291654,1
291889,1
291905,1
291981,1
292001,1
292022,1
292328,1
292407,1
292413,1
292499,1
292629,1
292691,1
292720,1
292818,1
292939,1
293397,1
293829,1
294033,1
294387,1
294676,1
294741,1
294773,1
294934,1
295060,1
295214,1
295256,1
295419,1
295506,1
295592,1
296101,1
296207,1
296488,1
296690,1
296781,1
296810,1
296956,1
297039,1
297581,1
297628,1
297641,1
298011,1
298231,1
298424,1
298729,1
298971,1
299204,1
299397,1
300087,1
300107,1
300929,1
301425,1
301485,1
302002,1
302100,1
302357,1
302381,1
302567,1
302854,1
303081,1
303702,1
303769,1
303839,1
303937,1
304542,1
304960,1
305228,1
305895,1
306739,1
307262,1
307507,1
307528,1
307635,1
308016,1
308671,1
308860,1
309079,1
309572,1
309637,1
310238,1
310383,1
310911,1
310914,1
311148,1
311729,1
312267,1
312457,1
312475,1
313027,1
313085,1
313102,1
313717,1
313766,1
315970,1
317161,1
317638,1
320177,1
320910,1
321891,1
322196,1
324286,1
324581,1
324834,1
324876,1
325275,1
326217,1
327462,1
327787,1
327935,1
327987,1
328185,1
328305,1
328941,1
328958,1
329150,1
329281,1
329771,1
330251,1
332256,1
332489,1
332505,1
333153,1
333415,1
333799,1
333831,1
334631,1
334846,1
335626,1
336370,1
337180,1
337191,1
337297,1
337520,1
337697,1
338613,1
338873,1
338997,1
339245,1
339431,1
339940,1
340405,1
340547,1
340703,1
340911,1
341055,1
341098,1
341362,1
342738,1
342844,1
343143,1
343239,1
343478,1
344012,1
344042,1
344320,1
344440,1
345101,1
345164,1
345455,1
345571,1
345730,1
345798,1
345821,1
346530,1
346702,1
346780,1
347016,1
347189,1
347610,1
348047,1
348286,1
349020,1
349113,1
349168,1
349213,1
349278,1
349553,1
349886,1
349901,1
351050,1
351231,1
351584,1
351692,1
352057,1
352143,1
352235,1
352603,1
353141,1
353143,1
353423,1
353681,1
354412,1
355038,1
355087,1
355129,1
355269,1
357582,1
357608,1
357718,1
357772,1
358440,1
360625,1
360875,1
361057,1
361345,1
361901,1
362168,1
362379,1
362726,1
364237,1
364472,1
364623,1
365070,1
365212,1
365886,1
366483,1
367222,1
367890,1
368565,1
369564,1
369831,1
369928,1
370157,1
371586,1
371838,1
372049,1
372085,1
372298,1
372757,1
373953,1
374075,1
374459,1
374544,1
376670,1
378114,1
378199,1
378205,1
379845,1
379886,1
381196,1
382414,1
383415,1
384408,1
384500,1
385506,1
385600,1
389317,1
389493,1
389976,1
390876,1
392015,1
392650,1
392863,1
393753,1
393909,1
395576,1
395578,1
395845,1
396480,1
396845,1
397155,1
397540,1
397778,1
398080,1
400949,1
401162,1
401598,1
401774,1
403012,1
405271,1
405784,1
406616,1
406770,1
406973,1
406979,1
407180,1
407281,1
408364,1
408630,1
409754,1
409934,1
410158,1
410272,1
410351,1
410422,1
410507,1
410811,1
410836,1
411080,1
411337,1
411807,1
412155,1
412190,1
412516,1
412762,1
412900,1
413781,1
414064,1
414208,1
414530,1
414608,1
414736,1
415082,1
415162,1
415419,1
415639,1
415690,1
415979,1
417339,1
417529,1
417812,1
418024,1
418316,1
418795,1
419168,1
419250,1
419286,1
419317,1
419581,1
419584,1
419664,1
419798,1
419839,1
420284,1
420295,1
420486,1
420968,1
421192,1
421193,1
421307,1
421578,1
421636,1
421643,1
422116,1
422117,1
422219,1
422224,1
422382,1
422883,1
423134,1
423670,1
423752,1
424287,1
424306,1
424675,1
424690,1
424797,1
425104,1
425770,1
426167,1
426264,1
426304,1
426430,1
427378,1
427597,1
427701,1
428503,1
428960,1
429214,1
429604,1
429998,1
430316,1
430496,1
431053,1
431174,1
431415,1
432245,1
432311,1
432419,1
432744,1
432749,1
432904,1
433374,1
433569,1
433613,1
433899,1
433919,1
434292,1
434745,1
434817,1
435327,1
435480,1
435667,1
436328,1
436413,1
436454,1
436849,1
437254,1
437674,1
437901,1
438570,1
438623,1
438625,1
438898,1
438969,1
439134,1
439153,1
439391,1
439861,1
440110,1
440223,1
440316,1
440489,1
440739,1
440803,1
440830,1
440863,1
440954,1
441416,1
441460,1
441553,1
441620,1
441691,1
441708,1
441958,1
442273,1
442536,1
442693,1
442741,1
443327,1
443552,1
443765,1
444127,1
444162,1
444380,1
444436,1
444924,1
445668,1
445709,1
445721,1
445812,1
446002,1
446071,1
446364,1
446392,1
446579,1
446653,1
446830,1
447033,1
447711,1
447887,1
448128,1
448593,1
448642,1
448755,1
449389,1
449414,1
449634,1
449679,1
449885,1
450235,1
450283,1
450949,1
451294,1
451333,1
451384,1
451417,1
451583,1
451804,1
452035,1
452079,1
452348,1
452664,1
452683,1
452881,1
452955,1
452986,1
453027,1
453038,1
453042,1
453045,1
453093,1
453168,1
453264,1
453298,1
453516,1
453644,1
453800,1
453864,1
453882,1
453888,1
453893,1
453914,1
453959,1
454068,1
454163,1
454184,1
454186,1
454251,1
454304,1
454310,1
454311,1
454384,1
454456,1
454498,1
454523,1
454643,1
454675,1
454676,1
454687,1
454718,1
454732,1
454753,1
454784,1
454790,1
454813,1
454857,1
454930,1
454992,1
455123,1
455124,1
455127,1
455143,1
455144,1
455153,1
455193,1
455262,1
455288,1
455292,1
455301,1
455303,1
455315,1
455322,1
455325,1
455334,1
455335,1
455358,1
455408,1
455414,1
455424,1
455444,1
455483,1
455486,1
455509,1
455517,1
455532,1
455544,1
455600,1
455626,1
455694,1
455750,1
455766,1
455782,1
455797,1
455806,1
455845,1
455862,1
455884,1
455894,1
455904,1
455917,1
455930,1
455956,1
455957,1
455988,1
455991,1
456009,1
456024,1
456050,1
456056,1
456079,1
456107,1
456132,1
456183,1
456220,1
456250,1
456255,1
456266,1
456274,1
456278,1
456289,1
456309,1
456321,1
456402,1
456407,1
456421,1
456433,1
456466,1
456532,1
456543,1
456547,1
456549,1
456579,1
456581,1
456602,1
456654,1
456675,1
456700,1
456709,1
456723,1
456743,1
456744,1
456750,1
456765,1
456774,1
456786,1
456795,1
456802,1
456826,1
456855,1
456857,1
456858,1
456860,1
456888,1
456912,1
456948,1
456953,1
456988,1
456997,1
457004,1
457006,1
457023,1
457029,1
457049,1
457075,1
457088,1
457130,1
457147,1
457163,1
457181,1
457191,1
457253,1
457265,1
457268,1
457280,1
457310,1
457311,1
457341,1
457355,1
457364,1
457402,1
457413,1
457434,1
457441,1
457446,1
457455,1
457459,1
457463,1
457518,1
457530,1
457549,1
457571,1
457578,1
457601,1
457630,1
457634,1
457663,1
457671,1
457685,1
457689,1
457697,1
457698,1
457703,1
457711,1
457727,1
457740,1
457748,1
457754,1
457759,1
457764,1
457767,1
457768,1
457828,1
457881,1
457893,1
457910,1
458005,1
458017,1
458019,1
458062,1
458094,1
458100,1
458118,1
458139,1
458146,1
458154,1
458164,1
458168,1
458195,1
458200,1
458212,1
458221,1
458232,1
458251,1
458270,1
458280,1
458296,1
458317,1
458318,1
458353,1
458374,1
458387,1
458397,1
458398,1
458421,1
458442,1
458454,1
458476,1
458479,1
458483,1
458506,1
458554,1
458557,1
458562,1
458570,1
458614,1
458636,1
458653,1
458678,1
458703,1
458727,1
458730,1
458738,1
458787,1
458825,1
458844,1
458864,1
458884,1
458925,1
458939,1
458943,1
458954,1
458956,1
458970,1
458980,1
459014,1
459032,1
459033,1
459092,1
459115,1
459117,1
459143,1
459193,1
459207,1
459253,1
459292,1
459318,1
459327,1
459341,1
459343,1
459382,1
459384,1
459411,1
459434,1
459438,1
459444,1
459448,1
459470,1
459486,1
459506,1
459519,1
459522,1
459524,1
459536,1
459539,1
459558,1
459580,1
459611,1
459663,1
459681,1
459689,1
459699,1
459723,1
459741,1
459746,1
459752,1
459775,1
459780,1
459819,1
459831,1
459874,1
459919,1
459957,1
460023,1
460047,1
460104,1
460118,1
460122,1
460145,1
460186,1
460195,1
460198,1
460211,1
460215,1
460258,1
460260,1
460286,1
460359,1
460374,1
460404,1
460411,1
460430,1
460440,1
460441,1
460452,1
460483,1
460497,1
460499,1
460514,1
460527,1
460536,1
460562,1
460601,1
460612,1
460637,1
460646,1
460673,1
460742,1
460767,1
460785,1
460790,1
460792,1
460793,1
460801,1
460807,1
460854,1
460879,1
460885,1
460922,1
460975,1
460977,1
460983,1
460986,1
460991,1
460995,1
460999,1
461020,1
461032,1
461033,1
461101,1
461116,1
461122,1
461124,1
461152,1
461156,1
461181,1
461206,1
461209,1
461225,1
461269,1
461273,1
461308,1
461331,1
461361,1
461384,1
461407,1
461410,1
461418,1
461440,1
461487,1
461520,1
461527,1
461534,1
461569,1
461586,1
461599,1
461604,1
461613,1
461630,1
461636,1
461640,1
461660,1
461667,1
461681,1
461701,1
461704,1
461705,1
461712,1
461721,1
461728,1
461734,1
461763,1
461785,1
461821,1
461865,1
461903,1
461908,1
461948,1
461995,1
462015,1
462021,1
462031,1
462080,1
462085,1
462103,1
462115,1
462119,1
462256,1
1,0
19,0
28,0
39,0
566,0
659,0
862,0
875,0
1173,0
1271,0
1411,0
1540,0
1563,0
1567,0
1581,0
1619,0
1742,0
1794,0
1907,0
1923,0
2055,0
2188,0
2270,0
2290,0
2617,0
2636,0
2811,0
3297,0
3402,0
3423,0
3817,0
3982,0
4034,0
4158,0
4198,0
4392,0
4422,0
4714,0
5076,0
5130,0
5199,0
5221,0
5254,0
5348,0
5717,0
5729,0
5743,0
5785,0
5827,0
5836,0
5839,0
5993,0
6051,0
6090,0
6679,0
6890,0
7031,0
7175,0
7417,0
7488,0
7548,0
7665,0
7696,0
7900,0
8594,0
8835,0
8974,0
9188,0
9703,0
9734,0
9815,0
10353,0
10549,0
10699,0
11002,0
11361,0
11444,0
11709,0
11711,0
11937,0
12237,0
12897,0
13282,0
14290,0
14514,0
14887,0
15120,0
15772,0
16257,0
16774,0
17358,0
17535,0
17987,0
18462,0
18531,0
19074,0
19124,0
19193,0
19389,0
19665,0
22980,0
23292,0
23791,0
24184,0
24540,0
26671,0
28552,0
30206,0
31411,0
34121,0
39112,0
39432,0
39688,0
43005,0
43604,0
43915,0
45585,0
46615,0
47417,0
50044,0
55068,0
57613,0
58212,0
58456,0
58554,0
60906,0
62735,0
66341,0
67232,0
71288,0
72623,0
72734,0
79427,0
79707,0
83266,0
84350,0
84941,0
89663,0
91392,0
94711,0
101799,0
104765,0
105476,0
106376,0
107278,0
109066,0
110261,0
110312,0
114288,0
115019,0
115283,0
119430,0
120122,0
121807,0
124153,0
127746,0
129101,0
131373,0
133531,0
134543,0
134749,0
135321,0
136313,0
136857,0
138226,0
138534,0
138937,0
139170,0
139273,0
139592,0
140692,0
142591,0
143392,0
143505,0
143982,0
144317,0
144381,0
144498,0
144810,0
146030,0
146149,0
146397,0
146399,0
146568,0
146760,0
146801,0
147032,0
147618,0
147625,0
147766,0
147941,0
147993,0
148467,0
148490,0
148561,0
148652,0
148785,0
148939,0
149118,0
149566,0
150157,0
150301,0
150557,0
150772,0
151041,0
151271,0
152422,0
152438,0
152781,0
153357,0
153726,0
153897,0
153930,0
154100,0
154242,0
156218,0
156306,0
156467,0
156541,0
156680,0
157502,0
157687,0
157976,0
158823,0
159105,0
159195,0
159634,0
159975,0
160196,0
160346,0
161125,0
161346,0
161426,0
161471,0
161539,0
162012,0
162032,0
162491,0
162858,0
162998,0
163108,0
163413,0
163436,0
163682,0
164059,0
164930,0
165051,0
165472,0
165801,0
165881,0
166526,0
167101,0
167169,0
167251,0
167253,0
167456,0
168785,0
168955,0
169187,0
169478,0
169524,0
169642,0
169768,0
169991,0
170278,0
170724,0
171006,0
171571,0
171705,0
172173,0
172180,0
172225,0
172804,0
172808,0
172867,0
173243,0
173337,0
173342,0
174647,0
175140,0
175260,0
175723,0
175959,0
176212,0
176215,0
176344,0
177359,0
177432,0
177471,0
177524,0
178120,0
178762,0
179127,0
179405,0
179664,0
179781,0
180345,0
180637,0
181830,0
182131,0
182248,0
182377,0
182636,0
183269,0
183318,0
184988,0
185019,0
185766,0
186913,0
187039,0
187110,0
187355,0
187632,0
187901,0
188112,0
188397,0
188441,0
190596,0
190773,0
190801,0
190825,0
191091,0
191107,0
191403,0
191522,0
191879,0
192453,0
192554,0
192890,0
192899,0
193264,0
193359,0
194950,0
194993,0
195144,0
195307,0
195443,0
195679,0
195869,0
196268,0
196728,0
198723,0
199013,0
199325,0
200091,0
201059,0
201066,0
201470,0
202387,0
203499,0
203780,0
205099,0
205122,0
205163,0
205607,0
206153,0
207519,0
207887,0
210165,0
210994,0
211418,0
211723,0
211970,0
212597,0
213109,0
214254,0
215160,0
215191,0
215310,0
216102,0
216352,0
217601,0
217990,0
218958,0
221066,0
221417,0
221922,0
222290,0
223219,0
223701,0
223708,0
223991,0
224451,0
225103,0
225106,0
225504,0
225771,0
226116,0
226169,0
226252,0
226603,0
226611,0
226623,0
226752,0
226865,0
227047,0
227603,0
227645,0
227711,0
227881,0
228081,0
228391,0
228416,0
228466,0
228826,0
228843,0
229324,0
229409,0
230440,0
231730,0
232451,0
232801,0
233162,0
233714,0
233867,0
234386,0
234748,0
235321,0
235548,0
235790,0
236073,0
236081,0
236150,0
236417,0
236984,0
237135,0
237600,0
237636,0
238112,0
238128,0
238170,0
238468,0
238593,0
238602,0
238650,0
238821,0
239043,0
239092,0
240248,0
241004,0
241487,0
242021,0
243026,0
243042,0
244058,0
244319,0
244595,0
244690,0
245223,0
245569,0
245755,0
246062,0
246156,0
246828,0
246879,0
247283,0
247966,0
248485,0
248835,0
248992,0
249314,0
249318,0
249381,0
250476,0
250924,0
252262,0
252339,0
252552,0
252825,0
253948,0
254127,0
254285,0
254331,0
254367,0
254378,0
254428,0
254452,0
254505,0
254603,0
254676,0
254677,0
254697,0
254746,0
254882,0
254919,0
254935,0
255031,0
255059,0
255218,0
255251,0
255271,0
255341,0
255377,0
255393,0
255409,0
255486,0
255534,0
256834,0
257151,0
257532,0
257729,0
257828,0
258046,0
258301,0
258373,0
258495,0
258581,0
258710,0
258818,0
258908,0
258970,0
259283,0
259308,0
259393,0
259684,0
259905,0
260173,0
260329,0
260549,0
260702,0
260809,0
260861,0
260915,0
260929,0
261367,0
261446,0
261567,0
261647,0
261658,0
261681,0
261820,0
262073,0
262246,0
262569,0
262778,0
262814,0
262999,0
263162,0
263204,0
263321,0
263496,0
264012,0
264081,0
264130,0
264158,0
264306,0
264447,0
264684,0
264723,0
264845,0
265092,0
265260,0
265337,0
265363,0
265449,0
265462,0
265762,0
265825,0
266003,0
266012,0
266014,0
266743,0
267488,0
267686,0
267878,0
267898,0
267959,0
268053,0
268178,0
268262,0
268326,0
268353,0
268366,0
268373,0
268465,0
268553,0
268643,0
268714,0
268792,0
268897,0
268962,0
269027,0
269289,0
269323,0
269336,0
269418,0
269534,0
269697,0
269847,0
269990,0
270095,0
270188,0
270339,0
270877,0
270928,0
271114,0
271125,0
271286,0
271326,0
271508,0
271648,0
271764,0
271903,0
271931,0
272013,0
272058,0
272098,0
272283,0
272388,0
272830,0
272838,0
272861,0
272905,0
272998,0
273214,0
273256,0
273351,0
273375,0
273499,0
273687,0
273784,0
273799,0
273936,0
274035,0
274273,0
274354,0
274564,0
274652,0
275126,0
275158,0
275246,0
275253,0
275302,0
275461,0
275505,0
275529,0
275589,0
275644,0
275655,0
276095,0
276294,0
276364,0
276531,0
277026,0
277489,0
277524,0
277679,0
277724,0
277812,0
277845,0
277861,0
278080,0
278108,0
278203,0
278940,0
278972,0
278978,0
279062,0
279178,0
279200,0
279228,0
279413,0
279595,0
279778,0
280019,0
280545,0
280662,0
280757,0
280797,0
280895,0
280908,0
280953,0
281034,0
281216,0
281315,0
281339,0
281460,0
281477,0
281551,0
281576,0
281695,0
281733,0
281832,0
281885,0
282010,0
282015,0
282102,0
282159,0
282161,0
282221,0
282286,0
282291,0
282330,0
282371,0
282491,0
282553,0
282575,0
282626,0
282668,0
282679,0
282741,0
282783,0
282829,0
282854,0
282937,0
282998,0
282999,0
283059,0
283073,0
283080,0
283115,0
283509,0
283576,0
283660,0
283720,0
283745,0
283754,0
283807,0
283839,0
283840,0
283861,0
283939,0
284211,0
284241,0
284379,0
284452,0
284513,0
284530,0
284531,0
284626,0
284779,0
284858,0
284861,0
285006,0
285049,0
285104,0
285140,0
285293,0
285524,0
285739,0
285790,0
285804,0
285809,0
285887,0
285917,0
286440,0
286456,0
286692,0
286739,0
286753,0
286799,0
287020,0
287155,0
287203,0
287430,0
287434,0
287436,0
287562,0
287604,0
287632,0
287868,0
288070,0
288088,0
288220,0
288239,0
288367,0
288533,0
288558,0
288884,0
289111,0
289132,0
289297,0
289375,0
289379,0
289535,0
289723,0
289805,0
289869,0
290015,0
290148,0
290282,0
290458,0
290502,0
290504,0
290554,0
290619,0
290660,0
290695,0
290703,0
290819,0
290871,0
290915,0
290920,0
290923,0
290945,0
290991,0
291011,0
291041,0
291166,0
291382,0
291400,0
291425,0
291445,0
291552,0
291598,0
291624,0
291632,0
291637,0
291638,0
291651,0
291660,0
291668,0
291670,0
291675,0
291699,0
291723,0
291730,0
291836,0
291844,0
291854,0
291855,0
291873,0
291887,0
291914,0
291946,0
292075,0
292077,0
292129,0
292181,0
292420,0
292510,0
292604,0
292623,0
292689,0
292811,0
292901,0
292926,0
292934,0
293126,0
293132,0
293186,0
293216,0
293294,0
293300,0
293345,0
293356,0
293375,0
293379,0
293386,0
293403,0
293504,0
293639,0
293673,0
293805,0
293894,0
293905,0
293940,0
293947,0
294022,0
294037,0
294112,0
294205,0
294236,0
294295,0
294358,0
294498,0
294507,0
294540,0
294552,0
294561,0
294620,0
294622,0
294694,0
294792,0
294800,0
294815,0
294859,0
294936,0
294956,0
294979,0
295010,0
295028,0
295098,0
295139,0
295284,0
295387,0
295411,0
295425,0
295467,0
295513,0
295560,0
295609,0
295804,0
295817,0
295881,0
295929,0
295933,0
295972,0
296034,0
296102,0
296119,0
296129,0
296160,0
296254,0
296324,0
296431,0
296546,0
296653,0
296719,0
296782,0
296817,0
296914,0
296993,0
297022,0
297287,0
297420,0
297494,0
297506,0
297517,0
297528,0
297572,0
297592,0
297619,0
297859,0
297959,0
298004,0
298024,0
298175,0
298222,0
298234,0
298307,0
298401,0
298438,0
298530,0
298626,0
298685,0
298834,0
298948,0
299099,0
299212,0
299250,0
299264,0
299328,0
299337,0
299359,0
299435,0
299448,0
299562,0
299665,0
299693,0
299700,0
299833,0
299854,0
299944,0
300034,0
300116,0
300271,0
300274,0
300277,0
300322,0
300398,0
300406,0
300533,0
300574,0
300687,0
300719,0
300911,0
300936,0
300986,0
301040,0
301087,0
301379,0
301467,0
301492,0
301518,0
301563,0
301639,0
301770,0
301785,0
301987,0
302128,0
302288,0
302367,0
302501,0
302524,0
302643,0
302799,0
302964,0
303002,0
303016,0
303178,0
303191,0
303215,0
303279,0
303336,0
303349,0
303468,0
303497,0
303503,0
303542,0
303572,0
303738,0
303819,0
303870,0
303924,0
303940,0
304015,0
304050,0
304196,0
304222,0
304237,0
304346,0
304509,0
304631,0
304704,0
304732,0
304775,0
304851,0
305290,0
305312,0
305716,0
305717,0
305751,0
305767,0
305866,0
305926,0
306099,0
306164,0
306214,0
306353,0
306472,0
306504,0
306595,0
306743,0
306778,0
306987,0
306988,0
307004,0
307015,0
307027,0
307037,0
307089,0
307234,0
307269,0
307313,0
307475,0
307829,0
307860,0
308039,0
308098,0
308138,0
308208,0
308311,0
308457,0
308642,0
308778,0
308829,0
308840,0
308994,0
309023,0
309071,0
309102,0
309232,0
309296,0
309320,0
309433,0
309435,0
309451,0
309469,0
309625,0
309660,0
309880,0
309943,0
310003,0
310366,0
310397,0
310593,0
310778,0
310793,0
310808,0
310890,0
310933,0
310953,0
311019,0
311241,0
311249,0
311255,0
311299,0
311320,0
311413,0
311560,0
311718,0
311742,0
311754,0
311764,0
311800,0
311823,0
311830,0
312090,0
312105,0
312163,0
312180,0
312191,0
312274,0
312553,0
312609,0
312619,0
312663,0
312768,0
312782,0
312849,0
312967,0
313048,0
313057,0
313084,0
313260,0
313272,0
313391,0
313428,0
313638,0
313642,0
313674,0
313732,0
313900,0
313907,0
313990,0
314053,0
314064,0
314112,0
314119,0
314144,0
314147,0
314245,0
314305,0
314415,0
314418,0
314434,0
314459,0
314539,0
314564,0
314587,0
314628,0
314733,0
314796,0
314909,0
315056,0
315184,0
315235,0
315311,0
315414,0
315583,0
315704,0
315770,0
316259,0
316273,0
316428,0
316456,0
316544,0
316563,0
316628,0
316962,0
317062,0
317234,0
317253,0
317286,0
317419,0
317450,0
317533,0
317568,0
317593,0
317604,0
317644,0
317748,0
317811,0
317966,0
318177,0
318412,0
318431,0
318534,0
318642,0
318691,0
318772,0
318841,0
319091,0
319252,0
319254,0
319279,0
319280,0
319401,0
319448,0
319564,0
319627,0
319759,0
319894,0
319947,0
320074,0
320204,0
320283,0
320429,0
320574,0
320578,0
320651,0
320820,0
320978,0
321115,0
321287,0
321391,0
321539,0
321582,0
321719,0
321776,0
321796,0
322418,0
322426,0
322481,0
322547,0
322768,0
322776,0
322830,0
323046,0
323156,0
323210,0
323341,0
323431,0
323439,0
323476,0
323478,0
323570,0
323631,0
323634,0
323673,0
323693,0
323763,0
323927,0
324109,0
324343,0
324390,0
324397,0
324412,0
324449,0
324480,0
324484,0
324573,0
324784,0
324829,0
324903,0
325038,0
325105,0
325133,0
325136,0
325221,0
325222,0
325250,0
325492,0
325856,0
326046,0
326082,0
326083,0
326126,0
326190,0
326231,0
326516,0
326556,0
326576,0
326808,0
326831,0
327020,0
327189,0
327270,0
327697,0
327943,0
328218,0
328429,0
328549,0
328566,0
328607,0
329046,0
329309,0
329360,0
329366,0
329717,0
329880,0
329890,0
329909,0
329984,0
330045,0
330137,0
330150,0
330261,0
330284,0
330530,0
330757,0
330782,0
330862,0
331120,0
331267,0
331271,0
331341,0
331389,0
331394,0
331468,0
331506,0
331608,0
331693,0
331694,0
331821,0
331906,0
331922,0
331925,0
331968,0
331985,0
332244,0
332284,0
332318,0
332348,0
332384,0
332499,0
332585,0
332637,0
332647,0
332695,0
332741,0
332878,0
332996,0
333064,0
333488,0
333565,0
333572,0
333649,0
333694,0
333705,0
333828,0
333853,0
333870,0
333875,0
334125,0
334131,0
334315,0
334367,0
334392,0
334839,0
334910,0
334919,0
334935,0
334946,0
334977,0
334981,0
335199,0
335998,0
336154,0
336176,0
336191,0
336344,0
336456,0
336470,0
336789,0
336940,0
337081,0
337111,0
337139,0
337293,0
337582,0
337596,0
337692,0
337700,0
337818,0
337873,0
337925,0
337985,0
338001,0
338084,0
338128,0
338140,0
338176,0
338346,0
338406,0
338556,0
338610,0
338620,0
338629,0
338653,0
338750,0
338771,0
338825,0
338986,0
339048,0
339060,0
339178,0
339385,0
339457,0
339592,0
339675,0
339721,0
339848,0
339893,0
339966,0
340123,0
340426,0
340474,0
340510,0
340546,0
340753,0
340989,0
341062,0
341067,0
341171,0
341189,0
341270,0
341405,0
341409,0
341412,0
341481,0
341710,0
341732,0
341764,0
342056,0
342249,0
342393,0
342418,0
342475,0
342516,0
342793,0
342896,0
343094,0
343226,0
343243,0
343278,0
343463,0
343540,0
343602,0
343661,0
343809,0
343910,0
344047,0
344230,0
344297,0
344312,0
344511,0
344751,0
344792,0
344831,0
344914,0
344949,0
344993,0
345134,0
345135,0
345151,0
345206,0
345236,0
345244,0
345247,0
345284,0
345288,0
345305,0
345306,0
345396,0
345487,0
345508,0
345541,0
345648,0
345726,0
345779,0
345804,0
345949,0
345967,0
345997,0
346035,0
346060,0
346197,0
346436,0
346475,0
346582,0
346597,0
346610,0
346762,0
346767,0
346806,0
346860,0
346902,0
346949,0
347030,0
347042,0
347074,0
347121,0
347239,0
347303,0
347314,0
347352,0
347473,0
347555,0
347770,0
347810,0
347822,0
347898,0
347901,0
347918,0
348057,0
348129,0
348195,0
348224,0
348238,0
348359,0
348372,0
348429,0
348528,0
348550,0
348615,0
348681,0
348742,0
348790,0
348858,0
348989,0
349090,0
349203,0
349228,0
349246,0
349262,0
349443,0
349523,0
349712,0
349996,0
350118,0
350147,0
350202,0
350237,0
350318,0
350388,0
350487,0
350517,0
350524,0
350549,0
350577,0
350721,0
350891,0
350998,0
351048,0
351307,0
351344,0
351362,0
351364,0
351513,0
351537,0
351567,0
351656,0
351678,0
351691,0
351748,0
351934,0
352062,0
352167,0
352206,0
352216,0
352306,0
352902,0
352921,0
353092,0
353151,0
353361,0
353440,0
353495,0
353669,0
353806,0
353820,0
353987,0
354007,0
354017,0
354063,0
354101,0
354138,0
354201,0
354279,0
354314,0
354417,0
354435,0
354837,0
354910,0
354916,0
354948,0
355001,0
355115,0
355277,0
355362,0
355428,0
355472,0
355474,0
355540,0
355553,0
355619,0
355626,0
355649,0
355711,0
355720,0
355737,0
355775,0
355808,0
355881,0
356041,0
356042,0
356058,0
356100,0
356110,0
356158,0
356843,0
356848,0
356852,0
357139,0
357201,0
357248,0
357550,0
357615,0
357681,0
357748,0
357755,0
357995,0
358190,0
358210,0
358362,0
358553,0
358569,0
358666,0
358869,0
359001,0
359022,0
359201,0
359351,0
359503,0
359602,0
359762,0
359763,0
360124,0
360184,0
360203,0
360222,0
360320,0
360481,0
360608,0
360770,0
360808,0
360843,0
360882,0
360909,0
360914,0
360941,0
360972,0
361087,0
361114,0
361265,0
361370,0
361547,0
361609,0
361956,0
361962,0
362182,0
362191,0
362204,0
362375,0
362394,0
362727,0
362775,0
362887,0
362950,0
363021,0
363025,0
363080,0
363409,0
363587,0
363592,0
363640,0
363648,0
363714,0
364048,0
364262,0
364294,0
364336,0
364373,0
364589,0
364667,0
364689,0
364722,0
364916,0
365132,0
365186,0
365473,0
365502,0
365568,0
365666,0
365730,0
366151,0
366425,0
366505,0
366509,0
366514,0
366640,0
366669,0
367135,0
367265,0
367285,0
367415,0
368006,0
368020,0
368049,0
368122,0
368203,0
368220,0
368421,0
368524,0
368530,0
368688,0
368706,0
368898,0
368945,0
369046,0
369257,0
369674,0
369681,0
369789,0
369899,0
370022,0
370089,0
370229,0
370260,0
370369,0
370384,0
370397,0
370462,0
370464,0
370715,0
370761,0
370997,0
371055,0
371149,0
371236,0
371290,0
371342,0
371357,0
371404,0
371475,0
371516,0
371693,0
371735,0
371779,0
372102,0
372417,0
372485,0
372494,0
372501,0
372688,0
372922,0
373357,0
373558,0
373649,0
373666,0
373821,0
373872,0
373885,0
373963,0
373977,0
374176,0
374245,0
374553,0
374810,0
375082,0
375203,0
375281,0
375385,0
375567,0
375677,0
375712,0
375730,0
375803,0
375871,0
376388,0
376476,0
376556,0
376597,0
376706,0
377273,0
377286,0
377514,0
377535,0
377559,0
377834,0
378204,0
378586,0
378780,0
379103,0
379287,0
379428,0
379533,0
379770,0
379969,0
380559,0
380656,0
380701,0
381001,0
381265,0
381394,0
381700,0
381837,0
381965,0
382118,0
382388,0
382465,0
382503,0
382524,0
382724,0
382810,0
382812,0
382816,0
383066,0
383114,0
383224,0
383386,0
383470,0
383731,0
383780,0
384125,0
384247,0
384359,0
385176,0
385194,0
385519,0
385647,0
385741,0
385962,0
386059,0
386132,0
386296,0
386358,0
386389,0
386445,0
386463,0
386890,0
387345,0
387581,0
387652,0
387680,0
388161,0
388282,0
388407,0
388475,0
388506,0
388547,0
388781,0
388862,0
388916,0
388948,0
388999,0
389473,0
389481,0
389650,0
389692,0
389811,0
390293,0
390994,0
391056,0
391109,0
391166,0
391266,0
391389,0
391436,0
391903,0
392200,0
392224,0
392292,0
392311,0
392358,0
392381,0
392551,0
392562,0
392630,0
392752,0
392759,0
392875,0
392960,0
393043,0
393075,0
393618,0
393639,0
393733,0
393874,0
393904,0
393912,0
394026,0
394061,0
394077,0
394199,0
394291,0
394294,0
394492,0
394589,0
394868,0
395104,0
395105,0
395120,0
395198,0
395405,0
395410,0
395541,0
395628,0
395790,0
395839,0
395904,0
395915,0
396152,0
396251,0
396296,0
396459,0
396566,0
396628,0
396678,0
396695,0
396726,0
396917,0
396972,0
397054,0
397058,0
397194,0
397217,0
397327,0
397348,0
397408,0
397469,0
397488,0
397810,0
397922,0
398047,0
398333,0
398417,0
398733,0
398760,0
398827,0
398835,0
399089,0
399399,0
399422,0
399445,0
399677,0
399793,0
399815,0
400229,0
400281,0
400466,0
400649,0
400816,0
400848,0
400892,0
401080,0
401114,0
401277,0
401283,0
401357,0
401400,0
401412,0
401421,0
401454,0
401599,0
401649,0
401664,0
401712,0
401726,0
401811,0
401885,0
401887,0
401956,0
402036,0
402266,0
402513,0
402605,0
402617,0
402722,0
402842,0
402933,0
403139,0
403264,0
403311,0
403363,0
403432,0
403611,0
403662,0
403690,0
403718,0
404054,0
404074,0
404191,0
404193,0
404365,0
404424,0
404537,0
404590,0
404616,0
404642,0
404690,0
404729,0
404935,0
405422,0
405446,0
405989,0
406014,0
406148,0
406422,0
406867,0
406976,0
407104,0
407145,0
407166,0
407217,0
407256,0
407383,0
407428,0
407524,0
407681,0
407841,0
408045,0
408052,0
408062,0
408127,0
408235,0
408249,0
408283,0
408288,0
408718,0
408735,0
408838,0
409058,0
409062,0
409159,0
409337,0
409368,0
409377,0
409437,0
409459,0
409539,0
409967,0
410229,0
410266,0
410300,0
410333,0
410352,0
410432,0
410479,0
410516,0
410538,0
410630,0
410642,0
410697,0
410736,0
410827,0
410867,0
410929,0
411006,0
411339,0
411385,0
411392,0
411401,0
411553,0
411785,0
411796,0
411800,0
411949,0
412025,0
412145,0
412158,0
412165,0
412177,0
412186,0
412225,0
412294,0
412353,0
412431,0
412492,0
412571,0
412594,0
412708,0
412764,0
413038,0
413071,0
413150,0
413151,0
413184,0
413353,0
413388,0
413397,0
413444,0
413473,0
413498,0
413618,0
413749,0
413775,0
413818,0
413825,0
413852,0
413867,0
413885,0
413912,0
414007,0
414421,0
414439,0
414497,0
414533,0
414670,0
414733,0
414782,0
414818,0
414872,0
414960,0
415181,0
415203,0
415205,0
415214,0
415534,0
415563,0
415581,0
415614,0
415669,0
415770,0
415857,0
415887,0
415911,0
416093,0
416180,0
416214,0
416434,0
416494,0
416534,0
416640,0
416685,0
416761,0
417061,0
417062,0
417092,0
417120,0
417213,0
417291,0
417346,0
417476,0
417507,0
417522,0
417605,0
417969,0
418006,0
418188,0
418231,0
418261,0
418276,0
418502,0
418557,0
418614,0
418712,0
418721,0
418750,0
418889,0
419015,0
419030,0
419123,0
419159,0
419216,0
419255,0
419526,0
419816,0
420007,0
420129,0
420155,0
420285,0
420342,0
420501,0
420591,0
420635,0
420678,0
420713,0
420798,0
420800,0
420807,0
420828,0
420843,0
420846,0
420858,0
420925,0
420948,0
420988,0
421331,0
421355,0
421439,0
421774,0
421866,0
421922,0
421951,0
421952,0
422133,0
422494,0
422542,0
422637,0
422658,0
422702,0
422709,0
422777,0
422851,0
422936,0
423006,0
423055,0
423088,0
423226,0
423275,0
423309,0
423468,0
423485,0
423520,0
423600,0
423817,0
423925,0
424025,0
424071,0
424112,0
424121,0
424157,0
424210,0
424362,0
424371,0
424442,0
424570,0
424650,0
424654,0
424684,0
424723,0
424865,0
424974,0
425063,0
425108,0
425200,0
425206,0
425327,0
425599,0
425678,0
425701,0
425710,0
425718,0
425895,0
425960,0
425999,0
426003,0
426041,0
426064,0
426080,0
426083,0
426094,0
426118,0
426134,0
426144,0
426185,0
426272,0
426412,0
426413,0
426505,0
426798,0
426813,0
426839,0
426843,0
426870,0
426961,0
426978,0
426983,0
427025,0
427065,0
427068,0
427084,0
427102,0
427111,0
427115,0
427190,0
427220,0
427329,0
427342,0
427354,0
427372,0
427512,0
427541,0
427589,0
427651,0
427682,0
427775,0
427852,0
427891,0
427902,0
427993,0
428143,0
428302,0
428492,0
428616,0
428739,0
428920,0
429037,0
429050,0
429093,0
429103,0
429132,0
429139,0
429183,0
429213,0
429236,0
429260,0
429371,0
429581,0
429585,0
429968,0
430006,0
430146,0
430193,0
430312,0
430313,0
430321,0
430368,0
430465,0
430529,0
430796,0
430864,0
430960,0
431057,0
431062,0
431072,0
431135,0
431138,0
431255,0
431385,0
431437,0
431626,0
431632,0
431653,0
431672,0
431738,0
431833,0
431846,0
431854,0
431909,0
432002,0
432044,0
432184,0
432225,0
432417,0
432578,0
432721,0
432762,0
432783,0
432801,0
432824,0
432886,0
432986,0
432994,0
433034,0
433044,0
433113,0
433146,0
433149,0
433195,0
433215,0
433332,0
433378,0
433536,0
433546,0
433592,0
433597,0
433627,0
433671,0
433704,0
433734,0
433790,0
433857,0
433887,0
433953,0
433960,0
433961,0
433972,0
434072,0
434418,0
434455,0
434466,0
434475,0
434503,0
434508,0
434584,0
434627,0
434687,0
434773,0
434830,0
434883,0
434948,0
435056,0
435101,0
435122,0
435149,0
435294,0
435345,0
435394,0
435434,0
435452,0
435496,0
435497,0
435774,0
435856,0
435969,0
436028,0
436186,0
436213,0
436276,0
436278,0
436297,0
436325,0
436376,0
436382,0
436550,0
436614,0
436627,0
436646,0
436673,0
436868,0
437006,0
437031,0
437053,0
437105,0
437230,0
437274,0
437332,0
437391,0
437411,0
437413,0
437476,0
437545,0
437593,0
437646,0
437714,0
437761,0
437812,0
437835,0
437896,0
437951,0
438067,0
438095,0
438369,0
438428,0
438446,0
438455,0
438522,0
438545,0
438606,0
438669,0
438725,0
438806,0
438944,0
438953,0
438989,0
439100,0
439172,0
439193,0
439218,0
439538,0
439599,0
439644,0
439667,0
439677,0
439687,0
439700,0
439706,0
439818,0
439865,0
439897,0
439968,0
439980,0
439995,0
440085,0
440090,0
440217,0
440234,0
440340,0
440364,0
440381,0
440399,0
440460,0
440468,0
440476,0
440537,0
440703,0
440705,0
440719,0
440741,0
440779,0
440790,0
440879,0
440950,0
441030,0
441093,0
441200,0
441207,0
441242,0
441269,0
441280,0
441298,0
441305,0
441325,0
441406,0
441427,0
441461,0
441487,0
441571,0
441658,0
441659,0
441668,0
441678,0
441787,0
441820,0
441908,0
441942,0
441963,0
441990,0
441996,0
442007,0
442060,0
442123,0
442341,0
442392,0
442477,0
442549,0
442584,0
442588,0
442639,0
442883,0
442904,0
442950,0
442984,0
442995,0
443024,0
443176,0
443239,0
443240,0
443448,0
443536,0
443627,0
443652,0
443664,0
443732,0
443844,0
444077,0
444121,0
444128,0
444197,0
444221,0
444256,0
444322,0
444333,0
444411,0
444513,0
444558,0
444567,0
444590,0
444596,0
444622,0
444639,0
444655,0
444887,0
445116,0
445129,0
445218,0
445257,0
445265,0
445296,0
445325,0
445345,0
445552,0
445614,0
445675,0
445773,0
445793,0
445887,0
445908,0
446072,0
446154,0
446155,0
446289,0
446297,0
446351,0
446378,0
446589,0
446615,0
446679,0
446853,0
446932,0
446971,0
447003,0
447126,0
447152,0
447192,0
447201,0
447215,0
447286,0
447318,0
447573,0
447603,0
447691,0
447713,0
447749,0
447764,0
447773,0
447808,0
447812,0
447823,0
447932,0
448067,0
448099,0
448177,0
448291,0
448316,0
448340,0
448357,0
448382,0
448410,0
448527,0
448563,0
448589,0
448594,0
448611,0
448613,0
448633,0
448640,0
448692,0
448695,0
448742,0
448819,0
448874,0
449010,0
449163,0
449185,0
449295,0
449330,0
449352,0
449387,0
449394,0
449462,0
449557,0
449560,0
449562,0
449636,0
449787,0
449832,0
449872,0
449935,0
450033,0
450073,0
450143,0
450190,0
450216,0
450237,0
450248,0
450447,0
450538,0
450571,0
450688,0
450711,0
450722,0
450765,0
450850,0
450855,0
450873,0
450911,0
450926,0
450964,0
450997,0
450999,0
451027,0
451067,0
451170,0
451255,0
451303,0
451330,0
451360,0
451426,0
451453,0
451458,0
451471,0
451497,0
451498,0
451580,0
451582,0
451763,0
451839,0
451847,0
451973,0
451979,0
452097,0
452130,0
452146,0
452238,0
452281,0
452295,0
452341,0
452383,0
452391,0
452423,0
452561,0
452765,0
452772,0
452786,0
452808,0
452832,0
452846,0
452877,0
452929,0
452966,0
452969,0
453003,0
453033,0
453037,0
453054,0
453080,0
453099,0
453136,0
453141,0
453234,0
453235,0
453243,0
453256,0
453262,0
453275,0
453297,0
453323,0
453343,0
453350,0
453391,0
453394,0
453407,0
453428,0
453465,0
453472,0
453519,0
453528,0
453547,0
453570,0
453603,0
453604,0
453607,0
453617,0
453661,0
453670,0
453673,0
453692,0
453713,0
453812,0
453906,0
453934,0
453962,0
453964,0
453965,0
453975,0
454013,0
454015,0
454057,0
454061,0
454065,0
454090,0
454096,0
454107,0
454126,0
454175,0
454176,0
454198,0
454211,0
454213,0
454225,0
454241,0
454243,0
454244,0
454285,0
454292,0
454330,0
454343,0
454348,0
454359,0
454430,0
454437,0
454448,0
454452,0
454479,0
454493,0
454496,0
454526,0
454529,0
454534,0
454535,0
454553,0
454571,0
454578,0
454583,0
454585,0
454594,0
454604,0
454638,0
454642,0
454644,0
454655,0
454657,0
454660,0
454666,0
454679,0
454711,0
454714,0
454733,0
454747,0
454799,0
454812,0
454816,0
454827,0
454829,0
454844,0
454854,0
454875,0
454895,0
454901,0
454917,0
454955,0
454987,0
455000,0
455003,0
455014,0
455018,0
455027,0
455040,0
455047,0
455050,0
455058,0
455059,0
455075,0
455082,0
455083,0
455099,0
455104,0
455107,0
455113,0
455122,0
455146,0
455148,0
455154,0
455160,0
455166,0
455172,0
455173,0
455183,0
455186,0
455194,0
455197,0
455203,0
455204,0
455217,0
455218,0
455224,0
455228,0
455229,0
455236,0
455237,0
455241,0
455249,0
455251,0
455253,0
455258,0
455259,0
455268,0
455270,0
455273,0
455274,0
455275,0
455282,0
455283,0
455285,0
455286,0
455299,0
455311,0
455327,0
455336,0
455337,0
455340,0
455342,0
455344,0
455349,0
455353,0
455354,0
455370,0
455371,0
455373,0
455381,0
455383,0
455384,0
455385,0
455388,0
455393,0
455394,0
455395,0
455402,0
455406,0
455413,0
455417,0
455418,0
455419,0
455420,0
455425,0
455428,0
455430,0
455433,0
455435,0
455446,0
455448,0
455449,0
455451,0
455452,0
455453,0
455457,0
455460,0
455469,0
455488,0
455489,0
455491,0
455493,0
455494,0
455495,0
455500,0
455501,0
455504,0
455507,0
455510,0
455513,0
455518,0
455520,0
455522,0
455524,0
455527,0
455529,0
455531,0
455536,0
455538,0
455542,0
455549,0
455550,0
455552,0
455553,0
455560,0
455561,0
455563,0
455566,0
455585,0
455590,0
455606,0
455611,0
455613,0
455616,0
455627,0
455630,0
455638,0
455640,0
455642,0
455644,0
455646,0
455647,0
455648,0
455649,0
455652,0
455653,0
455654,0
455657,0
455660,0
455661,0
455663,0
455665,0
455670,0
455671,0
455674,0
455684,0
455685,0
455687,0
455691,0
455699,0
455701,0
455706,0
455708,0
455710,0
455711,0
455712,0
455713,0
455717,0
455725,0
455728,0
455734,0
455738,0
455742,0
455752,0
455758,0
455765,0
455767,0
455770,0
455773,0
455774,0
455775,0
455776,0
455785,0
455786,0
455789,0
455791,0
455793,0
455794,0
455800,0
455804,0
455805,0
455807,0
455810,0
455811,0
455812,0
455813,0
455814,0
455816,0
455818,0
455819,0
455822,0
455824,0
455825,0
455829,0
455831,0
455833,0
455835,0
455839,0
455842,0
455844,0
455846,0
455852,0
455865,0
455866,0
455867,0
455868,0
455870,0
455873,0
455875,0
455876,0
455879,0
455880,0
455881,0
455882,0
455886,0
455887,0
455892,0
455896,0
455903,0
455905,0
455907,0
455908,0
455919,0
455920,0
455923,0
455924,0
455925,0
455927,0
455929,0
455933,0
455934,0
455952,0
455954,0
455965,0
455967,0
455970,0
455973,0
455983,0
455989,0
455990,0
455992,0
455997,0
455998,0
455999,0
456003,0
456005,0
456006,0
456012,0
456013,0
456015,0
456019,0
456026,0
456028,0
456030,0
456035,0
456036,0
456041,0
456045,0
456049,0
456051,0
456053,0
456064,0
456068,0
456072,0
456074,0
456078,0
456080,0
456085,0
456095,0
456096,0
456099,0
456103,0
456113,0
456114,0
456115,0
456121,0
456122,0
456123,0
456126,0
456129,0
456134,0
456136,0
456148,0
456149,0
456161,0
456162,0
456163,0
456169,0
456185,0
456186,0
456189,0
456190,0
456192,0
456194,0
456200,0
456206,0
456207,0
456228,0
456231,0
456232,0
456233,0
456236,0
456242,0
456244,0
456245,0
456249,0
456253,0
456254,0
456260,0
456262,0
456263,0
456264,0
456265,0
456269,0
456272,0
456276,0
456286,0
456287,0
456288,0
456290,0
456291,0
456292,0
456293,0
456297,0
456298,0
456299,0
456305,0
456312,0
456314,0
456317,0
456319,0
456324,0
456327,0
456329,0
456331,0
456336,0
456337,0
456345,0
456348,0
456349,0
456352,0
456353,0
456364,0
456373,0
456378,0
456379,0
456380,0
456381,0
456392,0
456395,0
456398,0
456399,0
456401,0
456412,0
456436,0
456437,0
456440,0
456447,0
456448,0
456455,0
456460,0
456476,0
456477,0
456479,0
456488,0
456492,0
456494,0
456495,0
456505,0
456506,0
456510,0
456515,0
456520,0
456524,0
456528,0
456529,0
456536,0
456537,0
456548,0
456551,0
456554,0
456558,0
456562,0
456565,0
456566,0
456569,0
456571,0
456572,0
456573,0
456574,0
456582,0
456586,0
456592,0
456593,0
456594,0
456595,0
456598,0
456599,0
456600,0
456604,0
456605,0
456609,0
456610,0
456612,0
456623,0
456628,0
456630,0
456633,0
456636,0
456637,0
456639,0
456646,0
456649,0
456652,0
456653,0
456658,0
456665,0
456672,0
456673,0
456674,0
456687,0
456688,0
456692,0
456693,0
456701,0
456702,0
456703,0
456714,0
456715,0
456716,0
456718,0
456719,0
456722,0
456726,0
456728,0
456741,0
456751,0
456755,0
456757,0
456760,0
456768,0
456778,0
456783,0
456784,0
456785,0
456792,0
456799,0
456804,0
456806,0
456808,0
456817,0
456821,0
456822,0
456824,0
456827,0
456831,0
456834,0
456838,0
456840,0
456845,0
456851,0
456852,0
456853,0
456861,0
456863,0
456871,0
456874,0
456875,0
456882,0
456884,0
456887,0
456893,0
456898,0
456903,0
456919,0
456920,0
456921,0
456924,0
456928,0
456931,0
456936,0
456940,0
456941,0
456942,0
456943,0
456947,0
456952,0
456954,0
456958,0
456963,0
456964,0
456967,0
456970,0
456976,0
456991,0
456993,0
456998,0
456999,0
457001,0
457010,0
457013,0
457014,0
457015,0
457017,0
457021,0
457022,0
457026,0
457027,0
457042,0
457044,0
457045,0
457050,0
457054,0
457055,0
457060,0
457062,0
457063,0
457065,0
457066,0
457067,0
457071,0
457081,0
457083,0
457085,0
457089,0
457092,0
457095,0
457100,0
457103,0
457111,0
457114,0
457116,0
457119,0
457131,0
457138,0
457141,0
457145,0
457146,0
457148,0
457149,0
457150,0
457151,0
457153,0
457155,0
457159,0
457161,0
457164,0
457168,0
457172,0
457176,0
457178,0
457180,0
457182,0
457183,0
457184,0
457186,0
457190,0
457193,0
457200,0
457205,0
457206,0
457207,0
457212,0
457220,0
457227,0
457229,0
457233,0
457234,0
457236,0
457245,0
457257,0
457259,0
457262,0
457272,0
457275,0
457276,0
457277,0
457285,0
457292,0
457303,0
457304,0
457306,0
457315,0
457318,0
457320,0
457323,0
457326,0
457327,0
457336,0
457343,0
457346,0
457350,0
457353,0
457358,0
457361,0
457368,0
457369,0
457379,0
457385,0
457390,0
457391,0
457392,0
457393,0
457398,0
457400,0
457404,0
457405,0
457407,0
457409,0
457410,0
457411,0
457417,0
457418,0
457423,0
457428,0
457429,0
457432,0
457435,0
457437,0
457438,0
457443,0
457445,0
457447,0
457451,0
457453,0
457454,0
457460,0
457462,0
457464,0
457466,0
457467,0
457471,0
457474,0
457475,0
457479,0
457482,0
457484,0
457500,0
457506,0
457508,0
457515,0
457517,0
457519,0
457523,0
457525,0
457526,0
457529,0
457534,0
457536,0
457540,0
457541,0
457544,0
457546,0
457551,0
457552,0
457553,0
457556,0
457560,0
457561,0
457569,0
457574,0
457575,0
457576,0
457577,0
457580,0
457582,0
457592,0
457596,0
457604,0
457605,0
457607,0
457610,0
457612,0
457620,0
457625,0
457626,0
457632,0
457633,0
457638,0
457640,0
457641,0
457643,0
457646,0
457650,0
457653,0
457658,0
457668,0
457672,0
457673,0
457675,0
457678,0
457679,0
457680,0
457684,0
457694,0
457695,0
457704,0
457708,0
457710,0
457722,0
457726,0
457729,0
457730,0
457732,0
457736,0
457746,0
457747,0
457750,0
457751,0
457756,0
457763,0
457765,0
457773,0
457775,0
457777,0
457778,0
457785,0
457789,0
457794,0
457799,0
457802,0
457804,0
457805,0
457806,0
457816,0
457818,0
457819,0
457820,0
457821,0
457822,0
457825,0
457826,0
457829,0
457830,0
457834,0
457835,0
457839,0
457841,0
457843,0
457850,0
457851,0
457853,0
457859,0
457862,0
457868,0
457872,0
457875,0
457877,0
457879,0
457880,0
457884,0
457886,0
457890,0
457894,0
457896,0
457897,0
457898,0
457900,0
457902,0
457903,0
457904,0
457906,0
457908,0
457909,0
457911,0
457914,0
457916,0
457917,0
457918,0
457921,0
457924,0
457930,0
457932,0
457933,0
457934,0
457935,0
457942,0
457946,0
457947,0
457949,0
457950,0
457954,0
457957,0
457958,0
457959,0
457962,0
457964,0
457966,0
457968,0
457971,0
457972,0
457973,0
457974,0
457993,0
457995,0
457997,0
457998,0
458003,0
458009,0
458022,0
458033,0
458036,0
458037,0
458040,0
458041,0
458044,0
458048,0
458049,0
458054,0
458056,0
458059,0
458063,0
458065,0
458073,0
458075,0
458076,0
458081,0
458086,0
458088,0
458090,0
458092,0
458098,0
458103,0
458106,0
458107,0
458126,0
458127,0
458129,0
458130,0
458133,0
458137,0
458142,0
458145,0
458148,0
458149,0
458150,0
458155,0
458156,0
458157,0
458158,0
458161,0
458162,0
458166,0
458169,0
458176,0
458179,0
458181,0
458187,0
458190,0
458194,0
458199,0
458203,0
458216,0
458217,0
458219,0
458225,0
458230,0
458233,0
458236,0
458237,0
458238,0
458241,0
458242,0
458243,0
458245,0
458253,0
458254,0
458261,0
458263,0
458286,0
458290,0
458295,0
458297,0
458299,0
458307,0
458308,0
458309,0
458310,0
458313,0
458316,0
458319,0
458320,0
458321,0
458322,0
458327,0
458328,0
458329,0
458330,0
458338,0
458340,0
458342,0
458348,0
458352,0
458354,0
458357,0
458358,0
458363,0
458366,0
458367,0
458368,0
458372,0
458373,0
458375,0
458377,0
458382,0
458399,0
458401,0
458402,0
458404,0
458405,0
458412,0
458416,0
458418,0
458419,0
458425,0
458427,0
458428,0
458431,0
458432,0
458436,0
458438,0
458439,0
458441,0
458443,0
458445,0
458446,0
458448,0
458449,0
458460,0
458462,0
458464,0
458466,0
458468,0
458469,0
458472,0
458475,0
458480,0
458488,0
458490,0
458493,0
458495,0
458496,0
458503,0
458508,0
458518,0
458520,0
458521,0
458526,0
458527,0
458544,0
458552,0
458555,0
458560,0
458565,0
458568,0
458574,0
458575,0
458576,0
458577,0
458578,0
458582,0
458584,0
458593,0
458596,0
458598,0
458600,0
458608,0
458609,0
458612,0
458613,0
458615,0
458617,0
458621,0
458627,0
458628,0
458631,0
458637,0
458652,0
458656,0
458660,0
458661,0
458665,0
458669,0
458672,0
458675,0
458676,0
458677,0
458679,0
458682,0
458684,0
458688,0
458694,0
458699,0
458708,0
458713,0
458715,0
458717,0
458729,0
458734,0
458746,0
458749,0
458751,0
458752,0
458762,0
458769,0
458770,0
458777,0
458786,0
458788,0
458789,0
458794,0
458796,0
458797,0
458800,0
458801,0
458802,0
458804,0
458805,0
458806,0
458808,0
458809,0
458813,0
458816,0
458819,0
458820,0
458827,0
458840,0
458841,0
458843,0
458848,0
458850,0
458855,0
458857,0
458858,0
458859,0
458863,0
458866,0
458869,0
458871,0
458872,0
458874,0
458886,0
458887,0
458888,0
458892,0
458893,0
458894,0
458895,0
458896,0
458897,0
458902,0
458907,0
458909,0
458910,0
458912,0
458926,0
458929,0
458930,0
458931,0
458932,0
458935,0
458942,0
458945,0
458947,0
458948,0
458950,0
458958,0
458959,0
458969,0
458971,0
458975,0
458976,0
458977,0
458979,0
458986,0
458987,0
458988,0
458996,0
459001,0
459009,0
459020,0
459021,0
459022,0
459027,0
459029,0
459035,0
459037,0
459041,0
459048,0
459049,0
459054,0
459058,0
459059,0
459075,0
459076,0
459080,0
459081,0
459087,0
459088,0
459093,0
459094,0
459096,0
459097,0
459099,0
459100,0
459107,0
459108,0
459111,0
459120,0
459125,0
459128,0
459141,0
459151,0
459158,0
459159,0
459160,0
459163,0
459173,0
459174,0
459180,0
459185,0
459201,0
459206,0
459208,0
459217,0
459218,0
459220,0
459223,0
459224,0
459231,0
459235,0
459236,0
459243,0
459246,0
459251,0
459252,0
459259,0
459261,0
459263,0
459272,0
459275,0
459278,0
459282,0
459284,0
459290,0
459296,0
459299,0
459303,0
459310,0
459313,0
459328,0
459336,0
459346,0
459347,0
459351,0
459357,0
459359,0
459361,0
459367,0
459371,0
459373,0
459374,0
459377,0
459394,0
459398,0
459403,0
459404,0
459405,0
459408,0
459410,0
459412,0
459413,0
459415,0
459418,0
459420,0
459423,0
459425,0
459435,0
459441,0
459443,0
459445,0
459447,0
459450,0
459456,0
459457,0
459458,0
459459,0
459463,0
459466,0
459469,0
459472,0
459474,0
459479,0
459480,0
459481,0
459484,0
459485,0
459487,0
459488,0
459490,0
459493,0
459503,0
459505,0
459507,0
459511,0
459512,0
459518,0
459520,0
459527,0
459528,0
459529,0
459531,0
459534,0
459543,0
459545,0
459546,0
459548,0
459559,0
459560,0
459563,0
459565,0
459569,0
459571,0
459572,0
459576,0
459582,0
459590,0
459591,0
459595,0
459597,0
459599,0
459606,0
459609,0
459613,0
459620,0
459625,0
459629,0
459631,0
459632,0
459647,0
459649,0
459661,0
459662,0
459666,0
459667,0
459671,0
459675,0
459678,0
459680,0
459688,0
459691,0
459694,0
459698,0
459703,0
459705,0
459707,0
459708,0
459709,0
459711,0
459713,0
459717,0
459718,0
459719,0
459720,0
459721,0
459722,0
459726,0
459730,0
459744,0
459749,0
459751,0
459753,0
459758,0
459762,0
459763,0
459765,0
459766,0
459769,0
459770,0
459772,0
459774,0
459776,0
459778,0
459787,0
459789,0
459790,0
459791,0
459795,0
459799,0
459800,0
459802,0
459806,0
459810,0
459813,0
459823,0
459824,0
459828,0
459832,0
459833,0
459836,0
459838,0
459841,0
459844,0
459854,0
459855,0
459857,0
459860,0
459870,0
459871,0
459872,0
459880,0
459882,0
459883,0
459884,0
459887,0
459899,0
459900,0
459901,0
459910,0
459916,0
459918,0
459920,0
459922,0
459925,0
459927,0
459929,0
459935,0
459939,0
459943,0
459953,0
459955,0
459959,0
459963,0
459967,0
459974,0
459975,0
459976,0
459977,0
459980,0
459981,0
459986,0
459989,0
459991,0
459993,0
459994,0
459997,0
460003,0
460005,0
460006,0
460011,0
460019,0
460020,0
460027,0
460029,0
460032,0
460033,0
460037,0
460038,0
460046,0
460048,0
460050,0
460067,0
460069,0
460071,0
460072,0
460074,0
460080,0
460081,0
460083,0
460087,0
460098,0
460099,0
460101,0
460103,0
460106,0
460107,0
460109,0
460111,0
460114,0
460120,0
460121,0
460123,0
460127,0
460134,0
460139,0
460148,0
460151,0
460152,0
460154,0
460159,0
460162,0
460165,0
460171,0
460172,0
460175,0
460176,0
460178,0
460180,0
460183,0
460185,0
460188,0
460193,0
460194,0
460199,0
460202,0
460206,0
460210,0
460219,0
460223,0
460229,0
460234,0
460236,0
460243,0
460245,0
460246,0
460247,0
460251,0
460252,0
460254,0
460257,0
460262,0
460265,0
460267,0
460272,0
460273,0
460274,0
460276,0
460277,0
460278,0
460287,0
460288,0
460289,0
460292,0
460293,0
460296,0
460303,0
460308,0
460311,0
460316,0
460320,0
460324,0
460331,0
460334,0
460338,0
460340,0
460343,0
460346,0
460348,0
460349,0
460350,0
460353,0
460354,0
460361,0
460363,0
460371,0
460372,0
460373,0
460376,0
460378,0
460380,0
460382,0
460383,0
460384,0
460390,0
460396,0
460403,0
460408,0
460422,0
460427,0
460428,0
460434,0
460436,0
460439,0
460445,0
460446,0
460454,0
460455,0
460456,0
460458,0
460468,0
460470,0
460472,0
460480,0
460486,0
460492,0
460493,0
460494,0
460498,0
460500,0
460501,0
460503,0
460508,0
460511,0
460520,0
460525,0
460526,0
460529,0
460531,0
460532,0
460534,0
460537,0
460539,0
460541,0
460548,0
460549,0
460550,0
460555,0
460557,0
460572,0
460574,0
460576,0
460577,0
460583,0
460589,0
460590,0
460592,0
460593,0
460594,0
460595,0
460604,0
460606,0
460607,0
460611,0
460618,0
460619,0
460622,0
460624,0
460628,0
460632,0
460638,0
460640,0
460641,0
460648,0
460649,0
460657,0
460658,0
460659,0
460660,0
460661,0
460663,0
460664,0
460667,0
460669,0
460670,0
460677,0
460678,0
460682,0
460686,0
460690,0
460693,0
460698,0
460702,0
460704,0
460705,0
460709,0
460713,0
460715,0
460716,0
460721,0
460724,0
460725,0
460730,0
460733,0
460735,0
460741,0
460743,0
460744,0
460746,0
460748,0
460753,0
460759,0
460768,0
460769,0
460771,0
460782,0
460786,0
460788,0
460800,0
460804,0
460806,0
460809,0
460811,0
460812,0
460813,0
460817,0
460819,0
460820,0
460822,0
460823,0
460824,0
460825,0
460828,0
460835,0
460837,0
460847,0
460849,0
460853,0
460857,0
460859,0
460861,0
460862,0
460863,0
460864,0
460868,0
460871,0
460872,0
460873,0
460878,0
460880,0
460886,0
460887,0
460896,0
460901,0
460904,0
460911,0
460913,0
460914,0
460916,0
460919,0
460923,0
460924,0
460925,0
460926,0
460930,0
460933,0
460936,0
460938,0
460946,0
460951,0
460962,0
460963,0
460964,0
460965,0
460968,0
460970,0
460979,0
460982,0
460994,0
461003,0
461005,0
461013,0
461014,0
461017,0
461023,0
461024,0
461030,0
461036,0
461041,0
461047,0
461048,0
461057,0
461059,0
461061,0
461065,0
461066,0
461071,0
461073,0
461084,0
461087,0
461090,0
461102,0
461104,0
461107,0
461111,0
461125,0
461126,0
461136,0
461138,0
461145,0
461147,0
461148,0
461151,0
461153,0
461158,0
461160,0
461168,0
461170,0
461172,0
461190,0
461191,0
461192,0
461193,0
461197,0
461200,0
461204,0
461207,0
461211,0
461213,0
461215,0
461216,0
461221,0
461224,0
461232,0
461236,0
461239,0
461240,0
461243,0
461244,0
461247,0
461248,0
461251,0
461254,0
461260,0
461261,0
461264,0
461270,0
461271,0
461281,0
461289,0
461290,0
461294,0
461296,0
461297,0
461300,0
461303,0
461307,0
461311,0
461315,0
461320,0
461327,0
461328,0
461329,0
461332,0
461339,0
461343,0
461345,0
461353,0
461354,0
461356,0
461358,0
461364,0
461367,0
461373,0
461374,0
461380,0
461386,0
461387,0
461392,0
461398,0
461403,0
461405,0
461413,0
461420,0
461423,0
461424,0
461425,0
461427,0
461430,0
461433,0
461438,0
461441,0
461442,0
461445,0
461448,0
461450,0
461457,0
461459,0
461460,0
461461,0
461464,0
461467,0
461473,0
461477,0
461481,0
461483,0
461485,0
461493,0
461498,0
461503,0
461506,0
461507,0
461508,0
461511,0
461513,0
461514,0
461528,0
461529,0
461531,0
461533,0
461536,0
461539,0
461542,0
461545,0
461548,0
461550,0
461554,0
461555,0
461556,0
461560,0
461561,0
461562,0
461577,0
461591,0
461595,0
461605,0
461606,0
461610,0
461615,0
461624,0
461628,0
461634,0
461635,0
461638,0
461639,0
461641,0
461642,0
461643,0
461647,0
461650,0
461655,0
461658,0
461659,0
461661,0
461662,0
461666,0
461668,0
461671,0
461672,0
461677,0
461688,0
461690,0
461691,0
461692,0
461695,0
461696,0
461706,0
461708,0
461709,0
461711,0
461720,0
461722,0
461723,0
461725,0
461727,0
461729,0
461730,0
461731,0
461733,0
461737,0
461738,0
461745,0
461748,0
461751,0
461752,0
461754,0
461755,0
461757,0
461761,0
461764,0
461768,0
461769,0
461775,0
461777,0
461783,0
461788,0
461789,0
461795,0
461803,0
461804,0
461806,0
461807,0
461813,0
461815,0
461817,0
461820,0
461822,0
461829,0
461832,0
461833,0
461834,0
461836,0
461840,0
461842,0
461845,0
461850,0
461851,0
461855,0
461857,0
461860,0
461863,0
461866,0
461868,0
461869,0
461870,0
461871,0
461874,0
461879,0
461885,0
461888,0
461889,0
461893,0
461894,0
461897,0
461898,0
461899,0
461909,0
461914,0
461915,0
461917,0
461918,0
461921,0
461922,0
461926,0
461928,0
461930,0
461933,0
461934,0
461935,0
461941,0
461942,0
461945,0
461947,0
461955,0
461956,0
461958,0
461963,0
461967,0
461971,0
461974,0
461978,0
461979,0
461980,0
461981,0
461982,0
461984,0
461988,0
461990,0
461996,0
461999,0
462004,0
462020,0
462025,0
462026,0
462027,0
462030,0
462036,0
462038,0
462039,0
462040,0
462042,0
462045,0
462049,0
462052,0
462054,0
462057,0
462076,0
462084,0
462087,0
462089,0
462090,0
462091,0
462092,0
462096,0
462112,0
462118,0
462124,0
462129,0
462131,0
462135,0
462137,0
462138,0
462148,0
462149,0
462155,0
462158,0
462160,0
462161,0
462163,0
462166,0
462167,0
462173,0
462174,0
462175,0
462178,0
462181,0
462184,0
462185,0
462188,0
462189,0
462190,0
462191,0
462192,0
462193,0
462194,0
462195,0
462200,0
462205,0
462207,0
462209,0
462211,0
462213,0
462216,0
462220,0
462221,0
462222,0
462226,0
462231,0
462233,0
462241,0
462242,0
462250,0
462251,0
462253,0
462257,0
462259,0
462260,0
462261,0
462268,0
462271,0
462274,0
462276,0
462279,0
462280,0
462281,0
462285,0
462286,0
462288,0
462290,0
462294,0
462297,0
462300,0
462301,0
462302,0
462303,0
